<?xml version="1.0" encoding="UTF-8"?>
<metadata xml:lang="en"><Esri><CreaDate>20240408</CreaDate><CreaTime>15290500</CreaTime><ArcGISFormat>1.0</ArcGISFormat><SyncOnce>TRUE</SyncOnce><DataProperties><lineage><Process ToolSource="c:\program files (x86)\arcgis\desktop10.8\ArcToolbox\Toolboxes\Spatial Analyst Tools.tbx\TabulateArea" Date="20240408" Time="152638">TabulateArea 2019_lulc_upd Value 2021_lulc_upd Value C:\Users\STANDARD.UPENDRA-PC\Documents\ArcGIS\Default.gdb\Tabulat_201921 C:\Users\STANDARD.UPENDRA-PC\Documents\ArcGIS\Default.gdb\RasterT_c46R_203_PolygonToRa</Process></lineage></DataProperties></Esri></metadata>
